"","Month","Day","Sentiment","Count","Avg_Per"
"1",1,22,"negative",14493,0.297759167299014
"2",1,22,"neutral",20061,0.655877221545876
"3",1,22,"positive",1779,0.0463636111551106
"4",1,23,"negative",99275,0.496622656530443
"5",1,23,"neutral",97048,0.466756613375003
"6",1,23,"positive",7367,0.0366207300945539
"7",1,24,"negative",233430,0.421974544309588
"8",1,24,"neutral",305404,0.524804047172768
"9",1,24,"positive",29652,0.0532214085176443
"10",1,25,"negative",376001,0.442638943416429
"11",1,25,"neutral",445823,0.517017620239604
"12",1,25,"positive",34265,0.040343436343967
"13",1,26,"negative",489539,0.429383953128794
"14",1,26,"neutral",616673,0.542880901396526
"15",1,26,"positive",31525,0.0277351454746807
"16",1,27,"negative",451737,0.51750325694887
"17",1,27,"neutral",394150,0.453199827431239
"18",1,27,"positive",25199,0.0292969156198915
"19",1,28,"negative",323282,0.422022086531149
"20",1,28,"neutral",404091,0.527494179727952
"21",1,28,"positive",38621,0.0504837337408983
"22",1,29,"negative",611369,0.496639764460008
"23",1,29,"neutral",557347,0.457495083524736
"24",1,29,"positive",55809,0.0458651520152561
"25",1,30,"negative",695855,0.448169852513796
"26",1,30,"neutral",777769,0.494317143281828
"27",1,30,"positive",87863,0.0575130042043763
"28",1,31,"negative",641326,0.459571178915479
"29",1,31,"neutral",672792,0.48288974466795
"30",1,31,"positive",79468,0.057539076416571
"31",2,1,"negative",232297,0.491893559754753
"32",2,1,"neutral",222222,0.443149765290759
"33",2,1,"positive",32381,0.0649566749544875
"34",2,2,"negative",240679,0.471060446740771
"35",2,2,"neutral",237507,0.46778755738583
"36",2,2,"positive",30816,0.0611519958733993
"37",2,3,"negative",213258,0.431878315577405
"38",2,3,"neutral",241663,0.488388229051756
"39",2,3,"positive",40125,0.07973345537084
"40",2,4,"negative",247566,0.444608223804426
"41",2,4,"neutral",271905,0.486005492939873
"42",2,4,"positive",38926,0.0693862832557008
"43",2,5,"negative",208970,0.410815410065254
"44",2,5,"neutral",240624,0.475564368702745
"45",2,5,"positive",57546,0.113620221232002
"46",2,6,"negative",250610,0.458741197047646
"47",2,6,"neutral",255327,0.472124395013764
"48",2,6,"positive",37426,0.0691344079385895
"49",2,7,"negative",229263,0.436663837305638
"50",2,7,"neutral",257809,0.493384442442633
"51",2,7,"positive",36644,0.0699517202517292
"52",2,8,"negative",227907,0.441097401552393
"53",2,8,"neutral",265138,0.504990259794373
"54",2,8,"positive",28605,0.0539123386532343
"55",2,9,"negative",237402,0.468869846669801
"56",2,9,"neutral",236690,0.462487955119898
"57",2,9,"positive",34696,0.0686421982103008
"58",2,10,"negative",252091,0.437204106540978
"59",2,10,"neutral",288628,0.499018159624831
"60",2,10,"positive",36933,0.0637777338341913
"61",2,11,"negative",265597,0.450489276262175
"62",2,11,"neutral",287552,0.489062098134771
"63",2,11,"positive",35732,0.0604486256030539
"64",2,12,"negative",265132,0.484838366659665
"65",2,12,"neutral",247959,0.460140463364131
"66",2,12,"positive",29933,0.0550211699762048
"67",2,13,"negative",279354,0.460180427471695
"68",2,13,"neutral",293838,0.482709009847092
"69",2,13,"positive",34886,0.0571105626812126
"70",2,14,"negative",237906,0.413073072531139
"71",2,14,"neutral",296307,0.512560439088944
"72",2,14,"positive",42630,0.0743664883799177
"73",2,15,"negative",195450,0.433805115551096
"74",2,15,"neutral",224167,0.491545155005218
"75",2,15,"positive",34077,0.0746497294436861
"76",2,16,"negative",183989,0.376583258438362
"77",2,16,"neutral",274185,0.565022172485144
"78",2,16,"positive",28558,0.0583945690764937
"79",2,17,"negative",221875,0.419426591956446
"80",2,17,"neutral",270014,0.51135335799628
"81",2,17,"positive",36403,0.0692200500472746
"82",2,18,"negative",255794,0.45516306649801
"83",2,18,"neutral",266731,0.476957301909575
"84",2,18,"positive",37461,0.0678796315924148
"85",2,19,"negative",240426,0.476118520095505
"86",2,19,"neutral",228009,0.452315608244775
"87",2,19,"positive",36651,0.0715658716597203
"88",2,20,"negative",226431,0.433692162481953
"89",2,20,"neutral",246110,0.478199714970995
"90",2,20,"positive",46114,0.0881081225470526
"91",2,21,"negative",247143,0.467023860139761
"92",2,21,"neutral",253786,0.474504011347529
"93",2,21,"positive",32103,0.0584721285127104
"94",2,22,"negative",201977,0.466196830242536
"95",2,22,"neutral",207869,0.479733679747777
"96",2,22,"positive",24620,0.0540694900096871
"97",2,23,"negative",37344,0.490556700400208
"98",2,23,"neutral",35596,0.46834089304306
"99",2,23,"positive",3131,0.041102406556732
"100",2,24,"negative",179492,0.443651411176649
"101",2,24,"neutral",208871,0.488248617431415
"102",2,24,"positive",29894,0.068099971391936
"103",2,25,"negative",225189,0.467523208219096
"104",2,25,"neutral",229143,0.480844421341236
"105",2,25,"positive",25411,0.0516323704396686
"106",2,26,"negative",246548,0.458746190234835
"107",2,26,"neutral",249014,0.472783694752206
"108",2,26,"positive",36828,0.0684701150129591
"109",2,27,"negative",323744,0.477868235855604
"110",2,27,"neutral",308442,0.465423337039717
"111",2,27,"positive",38060,0.0567084271046792
"112",2,28,"negative",683442,0.480092791864202
"113",2,28,"neutral",723081,0.460780088592817
"114",2,28,"positive",85570,0.0591271195429807
"115",2,29,"negative",1552649,0.505401593591184
"116",2,29,"neutral",1302247,0.433035860758637
"117",2,29,"positive",186589,0.0615625456501798
"118",3,1,"negative",1079866,0.478823423735277
"119",3,1,"neutral",1030951,0.45868007068856
"120",3,1,"positive",139380,0.062496505576163
"121",3,2,"negative",257533,0.452820919756715
"122",3,2,"neutral",249753,0.445406352923733
"123",3,2,"positive",56736,0.101772727319551
"124",3,3,"negative",1150953,0.477321130595986
"125",3,3,"neutral",1093097,0.449270055652501
"126",3,3,"positive",166550,0.0734088137515132
"127",3,4,"negative",1170227,0.446436137862977
"128",3,4,"neutral",1252895,0.482554234562395
"129",3,4,"positive",180967,0.0710096275746277
"130",3,5,"negative",321755,0.441727162532381
"131",3,5,"neutral",349877,0.483117270672933
"132",3,5,"positive",54860,0.0751555667946862
"133",3,6,"negative",357364,0.463092059188292
"134",3,6,"neutral",345400,0.451522258111987
"135",3,6,"positive",65106,0.0853856826997205
"136",3,7,"negative",394389,0.509875615637206
"137",3,7,"neutral",319390,0.414274825992341
"138",3,7,"positive",58691,0.0758495583704526
"139",3,8,"negative",364863,0.490156155469768
"140",3,8,"neutral",323381,0.433194503323966
"141",3,8,"positive",57205,0.0766493412062664
"142",3,9,"negative",357599,0.47268451383183
"143",3,9,"neutral",341233,0.45447617403383
"144",3,9,"positive",54956,0.0728393121343404
"145",3,10,"negative",341765,0.470203164033283
"146",3,10,"neutral",331617,0.45666802996126
"147",3,10,"positive",52935,0.0731288060054568
"148",3,11,"negative",327084,0.448216888597458
"149",3,11,"neutral",345490,0.475817101290351
"150",3,11,"positive",55194,0.0759660101121911
"151",3,12,"negative",322441,0.438690286878477
"152",3,12,"neutral",354053,0.48397195468377
"153",3,12,"positive",57886,0.077337758437753
"154",3,13,"negative",309781,0.455552031484631
"155",3,13,"neutral",322264,0.468102833987908
"156",3,13,"positive",50904,0.0763451345274616
"157",3,14,"negative",310743,0.455523477730095
"158",3,14,"neutral",312765,0.458955928310357
"159",3,14,"positive",58287,0.0855205939595483
"160",3,15,"negative",280025,0.433869519547429
"161",3,15,"neutral",302435,0.469352533491778
"162",3,15,"positive",62347,0.0967779469607931
"163",3,16,"negative",254148,0.405730576695481
"164",3,16,"neutral",310187,0.4951765932235
"165",3,16,"positive",61901,0.0990928300810193
"166",3,17,"negative",576972,0.40366237540501
"167",3,17,"neutral",736659,0.512497012594919
"168",3,17,"positive",119588,0.083840612000071
"169",3,18,"negative",420011,0.435243081340189
"170",3,18,"neutral",428722,0.471903333679127
"171",3,18,"positive",79093,0.0928535849806842
"172",3,19,"negative",754476,0.461250844837001
"173",3,19,"neutral",734128,0.448499012521736
"174",3,19,"positive",147820,0.0902501426412629
"175",3,20,"negative",735432,0.442166859042052
"176",3,20,"neutral",781173,0.470163927220345
"177",3,20,"positive",145708,0.0876692137376026
"178",3,21,"negative",657147,0.438951927407149
"179",3,21,"neutral",693306,0.462961169362733
"180",3,21,"positive",147177,0.0980869032301179
"181",3,22,"negative",761859,0.447978155704581
"182",3,22,"neutral",777304,0.457568826707216
"183",3,22,"positive",159768,0.0944530175882025
"184",3,23,"negative",792262,0.453637609323872
"185",3,23,"neutral",802144,0.458237203206769
"186",3,23,"positive",154096,0.0881251874693586
"187",3,24,"negative",230022,0.416173653256967
"188",3,24,"neutral",261954,0.475041948082174
"189",3,24,"positive",59905,0.108784398660859
"190",3,25,"negative",288356,0.393821224359538
"191",3,25,"neutral",356055,0.490273994255093
"192",3,25,"positive",82139,0.115904781385369
"193",3,26,"negative",770442,0.432476183582887
"194",3,26,"neutral",846946,0.475357174492752
"195",3,26,"positive",164222,0.0921666419243605
"196",3,27,"negative",636935,0.408708759974628
"197",3,27,"neutral",742582,0.481188737145884
"198",3,27,"positive",168503,0.110102502879488
"199",3,28,"negative",729384,0.420494617324499
"200",3,28,"neutral",822024,0.474776292777436
"201",3,28,"positive",181405,0.104729089898065
"202",3,29,"negative",770852,0.442803330397219
"203",3,29,"neutral",800932,0.461534904201071
"204",3,29,"positive",165763,0.0956617654017107
"205",3,30,"negative",552804,0.440430015313727
"206",3,30,"neutral",566267,0.462012876192159
"207",3,30,"positive",111465,0.0975571084941137
"208",3,31,"negative",255609,0.418264288528422
"209",3,31,"neutral",279390,0.466188762470239
"210",3,31,"positive",69065,0.11554694900134
"211",4,1,"negative",533857,0.445364899835462
"212",4,1,"neutral",543958,0.461971119984799
"213",4,1,"positive",99590,0.0926639801797387
"214",4,2,"negative",773537,0.46028036910316
"215",4,2,"neutral",774073,0.460492157551733
"216",4,2,"positive",133029,0.0792274733451071
"217",4,3,"negative",705078,0.436333236541454
"218",4,3,"neutral",762103,0.472541925542454
"219",4,3,"positive",146956,0.0911248379160924
"220",4,4,"negative",789978,0.458034969163955
"221",4,4,"neutral",762751,0.443635910989376
"222",4,4,"positive",169359,0.0983291198466691
"223",4,5,"negative",784071,0.452513216484726
"224",4,5,"neutral",770033,0.445769816074988
"225",4,5,"positive",175835,0.101716967440287
"226",4,6,"negative",792203,0.447993783394404
"227",4,6,"neutral",810017,0.458123041090147
"228",4,6,"positive",165782,0.0938831755154495
"229",4,7,"negative",771585,0.421779419988818
"230",4,7,"neutral",884632,0.48503127228423
"231",4,7,"positive",169907,0.093189307726952
"232",4,8,"negative",567745,0.433000437962722
"233",4,8,"neutral",596101,0.465954013881045
"234",4,8,"positive",123767,0.101045548156233
"235",4,9,"negative",503204,0.419677631976685
"236",4,9,"neutral",541988,0.475812743003238
"237",4,9,"positive",112042,0.104509625020077
"238",4,10,"negative",810174,0.453490387969295
"239",4,10,"neutral",808598,0.452001335534594
"240",4,10,"positive",169338,0.094508276496111
"241",4,11,"negative",815616,0.483416063541455
"242",4,11,"neutral",714110,0.423858612838933
"243",4,11,"positive",156513,0.0927253236196117
"244",4,12,"negative",793817,0.488129692711066
"245",4,12,"neutral",674813,0.415001982928139
"246",4,12,"positive",156765,0.0968683243607956
"247",4,13,"negative",766401,0.453417705865856
"248",4,13,"neutral",781281,0.46092040374725
"249",4,13,"positive",144962,0.0856618903868938
"250",4,14,"negative",777905,0.445513835627106
"251",4,14,"neutral",818574,0.469587946877405
"252",4,14,"positive",147794,0.0848982174954891
"253",4,15,"negative",840507,0.472878973257049
"254",4,15,"neutral",797865,0.448774338057532
"255",4,15,"positive",139577,0.0783466886854188
"256",4,16,"negative",790607,0.444776877895384
"257",4,16,"neutral",827298,0.465809151466073
"258",4,16,"positive",158784,0.0894139706385427
"259",4,17,"negative",766758,0.447854726983336
"260",4,17,"neutral",805633,0.470469444249226
"261",4,17,"positive",139740,0.0816758287674383
"262",4,18,"negative",599945,0.409684148883909
"263",4,18,"neutral",717553,0.489628484472634
"264",4,18,"positive",147939,0.100687366643456
"265",4,19,"negative",843780,0.469221789688613
"266",4,19,"neutral",798478,0.444618487848436
"267",4,19,"positive",154989,0.0861597224629509
"268",4,20,"negative",824903,0.459401394919368
"269",4,20,"neutral",828183,0.461646340800765
"270",4,20,"positive",141486,0.0789522642798666
"271",4,21,"negative",217165,0.412373771460331
"272",4,21,"neutral",244061,0.463698452567721
"273",4,21,"positive",64995,0.123927775971948
"274",4,22,"negative",788259,0.44985484140867
"275",4,22,"neutral",807628,0.46136921798524
"276",4,22,"positive",155783,0.0887759406060904
"277",4,23,"negative",800717,0.427106200984453
"278",4,23,"neutral",897275,0.484953780292338
"279",4,23,"positive",162116,0.0879400187232086
"280",4,24,"negative",843035,0.403251102354412
"281",4,24,"neutral",1042233,0.498724185641653
"282",4,24,"positive",205650,0.0980247120039348
"283",4,25,"negative",1080125,0.453288948981649
"284",4,25,"neutral",1111303,0.469423633237902
"285",4,25,"positive",182142,0.0772874177804486
"286",4,26,"negative",1127152,0.478205728216142
"287",4,26,"neutral",1053340,0.447673951865566
"288",4,26,"positive",173997,0.0741203199182923
"289",4,27,"negative",1075196,0.444920272657149
"290",4,27,"neutral",1144061,0.473726414814268
"291",4,27,"positive",195564,0.0813533125285831
"292",4,28,"negative",808979,0.447450095246521
"293",4,28,"neutral",842917,0.469637438409639
"294",4,28,"positive",135317,0.0829124663438404
"295",4,29,"negative",618533,0.432531911747588
"296",4,29,"neutral",633801,0.467139558866406
"297",4,29,"positive",123804,0.100328529386006
"298",4,30,"negative",834683,0.432611110386957
"299",4,30,"neutral",902590,0.471023209602191
"300",4,30,"positive",184956,0.0963656800108522
"301",5,1,"negative",762468,0.407953759873562
"302",5,1,"neutral",933330,0.49855284152207
"303",5,1,"positive",174887,0.0934933986043681
"304",5,2,"negative",843162,0.442198287958403
"305",5,2,"neutral",889655,0.469253459225847
"306",5,2,"positive",167662,0.0885482528157494
"307",5,3,"negative",895659,0.449528294691862
"308",5,3,"neutral",924878,0.466685432100957
"309",5,3,"positive",165242,0.0837862732071808
"310",5,4,"negative",978404,0.460015531070824
"311",5,4,"neutral",974167,0.461620068870402
"312",5,4,"positive",164999,0.0783644000587734
"313",5,5,"negative",518947,0.442629632467027
"314",5,5,"neutral",537830,0.459302850729328
"315",5,5,"positive",115329,0.0980675168036454
"316",5,6,"negative",1048751,0.467136606641821
"317",5,6,"neutral",989347,0.445507220402184
"318",5,6,"positive",194664,0.087356172955995
"319",5,7,"negative",1211408,0.473127182951089
"320",5,7,"neutral",1136458,0.44472973331533
"321",5,7,"positive",211138,0.0821430837335814
"322",5,8,"negative",1066409,0.458904002486659
"323",5,8,"neutral",1049025,0.453113327913002
"324",5,8,"positive",203376,0.0879826696003387
"325",5,9,"negative",961539,0.432550527340447
"326",5,9,"neutral",1061652,0.478752838959906
"327",5,9,"positive",196314,0.088696633699647
"328",5,10,"negative",994443,0.434676855842611
"329",5,10,"neutral",1101411,0.482055122900304
"330",5,10,"positive",190712,0.0832680212570844
"331",5,11,"negative",1149332,0.433236757111447
"332",5,11,"neutral",1274432,0.481239269780739
"333",5,11,"positive",225094,0.0855239731078137
"334",5,12,"negative",1140513,0.446893912438067
"335",5,12,"neutral",1193348,0.472915115124222
"336",5,12,"positive",196789,0.080190972437711
"337",5,13,"negative",1230672,0.456730765358029
"338",5,13,"neutral",1254835,0.467413388247063
"339",5,13,"positive",204098,0.0758558463949072
"340",5,14,"negative",1173714,0.45344270901977
"341",5,14,"neutral",1204684,0.466618542168132
"342",5,14,"positive",206032,0.0799387488120982
"343",5,15,"negative",1155303,0.454225247804417
"344",5,15,"neutral",1183881,0.466401144839597
"345",5,15,"positive",201194,0.079373607355986
"346",5,16,"negative",1069624,0.461008309100185
"347",5,16,"neutral",1042680,0.452657559218464
"348",5,16,"positive",199783,0.0863341316813513
"349",5,17,"negative",1119193,0.479027850066833
"350",5,17,"neutral",1030086,0.443755781441695
"351",5,17,"positive",178960,0.0772163684914725
"352",5,18,"negative",1127237,0.449423118481844
"353",5,18,"neutral",1180272,0.475307382978848
"354",5,18,"positive",186919,0.0752694985393075
"355",5,19,"negative",1112594,0.458291531306834
"356",5,19,"neutral",1127077,0.463396733682819
"357",5,19,"positive",189823,0.0783117350103471
"358",5,20,"negative",1129791,0.468351731865822
"359",5,20,"neutral",1073284,0.449234328595384
"360",5,20,"positive",197151,0.082413939538794
"361",5,21,"negative",1085796,0.457530822695618
"362",5,21,"neutral",1101681,0.464805463901733
"363",5,21,"positive",183519,0.0776637134026485
"364",5,22,"negative",963732,0.44051595899698
"365",5,22,"neutral",1031279,0.473324391809371
"366",5,22,"positive",187626,0.0861596491936491
"367",5,23,"negative",988809,0.461798664827008
"368",5,23,"neutral",957617,0.455780021117261
"369",5,23,"positive",173097,0.0824213140557312
"370",5,24,"negative",1078468,0.504551906158149
"371",5,24,"neutral",878271,0.411594527312314
"372",5,24,"positive",175900,0.0838535665295373
"373",5,25,"negative",986311,0.476049787812629
"374",5,25,"neutral",900565,0.436373284564243
"375",5,25,"positive",181828,0.0875769276231282
"376",5,26,"negative",943470,0.461836020333418
"377",5,26,"neutral",898891,0.439183802568732
"378",5,26,"positive",200750,0.0989801770978501
"379",5,27,"negative",984918,0.494681304222342
"380",5,27,"neutral",848085,0.429601948382571
"381",5,27,"positive",148590,0.0757167473950865
"382",5,28,"negative",1122022,0.521981087506085
"383",5,28,"neutral",862335,0.401714222738552
"384",5,28,"positive",163602,0.0763046897553636
"385",5,29,"negative",1241142,0.560003305275453
"386",5,29,"neutral",825965,0.374464746348765
"387",5,29,"positive",144482,0.0655319483757821
"388",5,30,"negative",1264988,0.604350333489283
"389",5,30,"neutral",694736,0.333013566996594
"390",5,30,"positive",130850,0.0626360995141229
"391",5,31,"negative",1320520,0.609792012747964
"392",5,31,"neutral",718878,0.332407663805029
"393",5,31,"positive",124468,0.0578003234470075
"394",6,1,"negative",1129221,0.568677319288727
"395",6,1,"neutral",738845,0.370895045233275
"396",6,1,"positive",119633,0.0604276354779977
"397",6,2,"negative",993241,0.512816051855224
"398",6,2,"neutral",825337,0.425185769737403
"399",6,2,"positive",120688,0.0619981784073734
"400",6,3,"negative",1052427,0.546613716221395
"401",6,3,"neutral",735290,0.381084878271898
"402",6,3,"positive",138224,0.0723014055067075
"403",6,4,"negative",1045597,0.550742332634462
"404",6,4,"neutral",733583,0.381708270176419
"405",6,4,"positive",129475,0.0675493971891195
"406",6,5,"negative",776734,0.53441447755712
"407",6,5,"neutral",565347,0.387635032549702
"408",6,5,"positive",114832,0.0779504898931779
"409",6,6,"negative",1299103,0.489688474848631
"410",6,6,"neutral",1113715,0.421617071262433
"411",6,6,"positive",233194,0.0886944538889351
"412",6,7,"negative",1387285,0.533472080329521
"413",6,7,"neutral",998665,0.384452881919336
"414",6,7,"positive",215192,0.0820750377511428
"415",6,8,"negative",1176269,0.464081470958309
"416",6,8,"neutral",1120393,0.439295070543002
"417",6,8,"positive",248729,0.0966234584986891
"418",6,9,"negative",1204569,0.446635546081189
"419",6,9,"neutral",1244284,0.458347956258073
"420",6,9,"positive",262520,0.0950164976607378
"421",6,10,"negative",1336280,0.458818649525965
"422",6,10,"neutral",1296358,0.442011351842014
"423",6,10,"positive",291954,0.099169998632021
"424",6,11,"negative",1321069,0.437524663926123
"425",6,11,"neutral",1405301,0.466613897727811
"426",6,11,"positive",289951,0.0958614383460661
"427",6,12,"negative",1363457,0.454616811432594
"428",6,12,"neutral",1336712,0.446419252283603
"429",6,12,"positive",297217,0.0989639362838027
"430",6,13,"negative",1402478,0.485367694878724
"431",6,13,"neutral",1200707,0.41599221550411
"432",6,13,"positive",286161,0.0986400896171665
"433",6,14,"negative",1450128,0.517297250456601
"434",6,14,"neutral",1068296,0.384700154475288
"435",6,14,"positive",273345,0.0980025950681112
"436",6,15,"negative",1619914,0.502106035837275
"437",6,15,"neutral",1328774,0.412837907191776
"438",6,15,"positive",274508,0.0850560569709493
"439",6,16,"negative",1437913,0.459014933641826
"440",6,16,"neutral",1437420,0.459615246103436
"441",6,16,"positive",257735,0.0813698202547381
"442",6,17,"negative",1443361,0.462769984791667
"443",6,17,"neutral",1421201,0.456529321457714
"444",6,17,"positive",253791,0.0807006937506182
"445",6,18,"negative",1312861,0.4343011268814
"446",6,18,"neutral",1395896,0.460098524044289
"447",6,18,"positive",317809,0.105600349074311
"448",6,19,"negative",1220364,0.393748356850496
"449",6,19,"neutral",1556689,0.505584361913602
"450",6,19,"positive",312573,0.100667281235902
"451",6,20,"negative",1246485,0.420790657748041
"452",6,20,"neutral",1432476,0.48382756932275
"453",6,20,"positive",286907,0.0953817729292092
"454",6,21,"negative",1460745,0.504070910941417
"455",6,21,"neutral",1160605,0.405155406440067
"456",6,21,"positive",260257,0.0907736826185163
"457",6,22,"negative",1444967,0.468152241441634
"458",6,22,"neutral",1360929,0.437925311127162
"459",6,22,"positive",284394,0.0939224474312037
"460",6,23,"negative",1580404,0.46392680073264
"461",6,23,"neutral",1522507,0.450446858080872
"462",6,23,"positive",292901,0.085626341186488
"463",6,24,"negative",1501190,0.440636743349443
"464",6,24,"neutral",1630577,0.480733975175374
"465",6,24,"positive",267041,0.0786292814751829
"466",6,25,"negative",1716072,0.480539629179834
"467",6,25,"neutral",1559078,0.437823905178737
"468",6,25,"positive",288254,0.0816364656414284
"469",6,26,"negative",1858199,0.490574673163249
"470",6,26,"neutral",1601400,0.42467733179512
"471",6,26,"positive",320788,0.0847479950416309
"472",6,27,"negative",1628246,0.473899912342042
"473",6,27,"neutral",1499337,0.436809348587756
"474",6,27,"positive",309405,0.0892907390702019
"475",6,28,"negative",1628051,0.479261848051647
"476",6,28,"neutral",1487961,0.435846617514517
"477",6,28,"positive",285082,0.0848915344338357
"478",6,29,"negative",1635983,0.473323798343666
"479",6,29,"neutral",1544968,0.446777561608597
"480",6,29,"positive",278691,0.0798986400477371
"481",6,30,"negative",1842600,0.489567009605737
"482",6,30,"neutral",1618341,0.43286797075182
"483",6,30,"positive",291377,0.0775650196424428
"484",7,1,"negative",1799952,0.478112249315637
"485",7,1,"neutral",1572422,0.419714141532333
"486",7,1,"positive",380382,0.102173609152029
"487",7,2,"negative",1697218,0.471158560740755
"488",7,2,"neutral",1583988,0.439721850450256
"489",7,2,"positive",323262,0.0891195888089887
"490",7,3,"negative",1682233,0.461997180860542
"491",7,3,"neutral",1569324,0.433878163070582
"492",7,3,"positive",381075,0.104124656068876
"493",7,4,"negative",1636422,0.472370742676823
"494",7,4,"neutral",1416034,0.410919242621835
"495",7,4,"positive",404988,0.116710014701342
"496",7,5,"negative",1653266,0.484968791023113
"497",7,5,"neutral",1428911,0.422294672898966
"498",7,5,"positive",308958,0.0927365360779208
"499",7,6,"negative",1808494,0.484595230013717
"500",7,6,"neutral",1624526,0.438197415248804
"501",7,6,"positive",284400,0.0772073547374785
"502",7,7,"negative",1618622,0.460727715023477
"503",7,7,"neutral",1642469,0.464991467823721
"504",7,7,"positive",260154,0.0742808171528018
"505",7,8,"negative",1641766,0.452338084770812
"506",7,8,"neutral",1691603,0.467733637817388
"507",7,8,"positive",289676,0.0799282774117999
"508",7,9,"negative",1555942,0.450746999728644
"509",7,9,"neutral",1611279,0.467160039365227
"510",7,9,"positive",283799,0.082092960906129
"511",7,10,"negative",1612422,0.495094759105549
"512",7,10,"neutral",1362093,0.417572526838703
"513",7,10,"positive",289704,0.0873327140557487
"514",7,11,"negative",1470493,0.463031955362663
"515",7,11,"neutral",1328274,0.436133978135946
"516",7,11,"positive",316961,0.100834066501391
"517",7,12,"negative",1285886,0.45188260279546
"518",7,12,"neutral",1241469,0.43552422943518
"519",7,12,"positive",317844,0.112593167769361
"520",7,13,"negative",1841312,0.458565732144604
"521",7,13,"neutral",1764618,0.443403596951321
"522",7,13,"positive",385187,0.098030670904075
"523",7,14,"negative",1742244,0.468496832187275
"524",7,14,"neutral",1691137,0.454105470253445
"525",7,14,"positive",287513,0.0773976975592794
"526",7,15,"negative",1996229,0.499907867013498
"527",7,15,"neutral",1697182,0.426557757344233
"528",7,15,"positive",290065,0.0735343756422693
"529",7,16,"negative",1977195,0.51015892219373
"530",7,16,"neutral",1650048,0.426212961774156
"531",7,16,"positive",244262,0.0636281160321134
"532",7,17,"negative",1923943,0.500872709240621
"533",7,17,"neutral",1649018,0.430188426621167
"534",7,17,"positive",263648,0.0689388641382122
"535",7,18,"negative",1621635,0.467100915533979
"536",7,18,"neutral",1529013,0.443949719942472
"537",7,18,"positive",305081,0.0889493645235496
"538",7,19,"negative",1682374,0.48188470248581
"539",7,19,"neutral",1475774,0.424256122157387
"540",7,19,"positive",324834,0.0938591753568025
"541",7,20,"negative",1530898,0.472472809566759
"542",7,20,"neutral",1420748,0.437497286064771
"543",7,20,"positive",288230,0.0900299043684707
"544",7,21,"negative",1555751,0.459969036585076
"545",7,21,"neutral",1519707,0.446603241982751
"546",7,21,"positive",313095,0.0934277214321732
"547",7,22,"negative",1484759,0.436198030711302
"548",7,22,"neutral",1572444,0.466655088468896
"549",7,22,"positive",327083,0.0971468808198022
"550",7,23,"negative",1490028,0.456195621392187
"551",7,23,"neutral",1450689,0.446840162490578
"552",7,23,"positive",314388,0.0969642161172354
"553",7,24,"negative",1418079,0.454885938832935
"554",7,24,"neutral",1411837,0.45157004261163
"555",7,24,"positive",290388,0.0935440185554347
"556",7,25,"negative",1404785,0.448567701045359
"557",7,25,"neutral",1475931,0.469340585434261
"558",7,25,"positive",258984,0.0820917135203809
"559",7,26,"negative",1417240,0.476398020612778
"560",7,26,"neutral",1307287,0.441034625770484
"561",7,26,"positive",245698,0.0825673536167384
"562",7,27,"negative",1460828,0.441167151368597
"563",7,27,"neutral",1535958,0.46547830790516
"564",7,27,"positive",308827,0.0933545407262423
"565",7,28,"negative",1705072,0.459894231664961
"566",7,28,"neutral",1713376,0.464423465169404
"567",7,28,"positive",277755,0.0756823031656353
"568",7,29,"negative",1536426,0.4283485073017
"569",7,29,"neutral",1711198,0.479788326133636
"570",7,29,"positive",330152,0.0918631665646637
"571",7,30,"negative",1695378,0.472335720143625
"572",7,30,"neutral",1585219,0.44358784750892
"573",7,30,"positive",296939,0.0840764323474551
"574",7,31,"negative",1552115,0.449061033318068
"575",7,31,"neutral",1590447,0.461330405315791
"576",7,31,"positive",311090,0.0896085613661407
"577",8,1,"negative",1366555,0.448543468221344
"578",8,1,"neutral",1365094,0.450718948595541
"579",8,1,"positive",305727,0.100737583183115
"580",8,2,"negative",1485374,0.456430721212625
"581",8,2,"neutral",1485085,0.458436418145142
"582",8,2,"positive",275067,0.0851328606422335
"583",8,3,"negative",1434976,0.463708516664273
"584",8,3,"neutral",1385445,0.44793193907398
"585",8,3,"positive",272010,0.0883595442617476
"586",8,4,"negative",1614891,0.479214271674519
"587",8,4,"neutral",1462115,0.436916827778685
"588",8,4,"positive",279321,0.0838689005467959
"589",8,5,"negative",1309972,0.452782998970791
"590",8,5,"neutral",1323542,0.459510960372266
"591",8,5,"positive",253278,0.0877060406569428
"592",8,6,"negative",1476609,0.478593759806695
"593",8,6,"neutral",1368328,0.44294860274702
"594",8,6,"positive",243074,0.0784576374462851
"595",8,7,"negative",1425240,0.458677094784847
"596",8,7,"neutral",1401477,0.454058268782625
"597",8,7,"positive",270831,0.0872646364325282
"598",8,8,"negative",1352948,0.489330910811822
"599",8,8,"neutral",1134827,0.409734640998024
"600",8,8,"positive",279584,0.100934448190154
"601",8,9,"negative",1526275,0.49626509385898
"602",8,9,"neutral",1298335,0.420875521961442
"603",8,9,"positive",251729,0.0828593841795785
"604",8,10,"negative",1605333,0.464590253645966
"605",8,10,"neutral",1495852,0.436911824932391
"606",8,10,"positive",331673,0.098497921421643
"607",8,11,"negative",1476775,0.445399841556867
"608",8,11,"neutral",1501225,0.457286999524468
"609",8,11,"positive",324918,0.0973131589186649
"610",8,12,"negative",1225377,0.454692298408602
"611",8,12,"neutral",1217303,0.448488173806828
"612",8,12,"positive",262741,0.0968195277845693
"613",8,13,"negative",1333123,0.446244433572983
"614",8,13,"neutral",1367758,0.462683966458349
"615",8,13,"positive",269495,0.091071599968668
"616",8,14,"negative",1310455,0.446601426890792
"617",8,14,"neutral",1370960,0.468747679440924
"618",8,14,"positive",250359,0.0846508936682837
"619",8,15,"negative",1209551,0.44577149882642
"620",8,15,"neutral",1171076,0.435458952903523
"621",8,15,"positive",322091,0.118769548270057
"622",8,16,"negative",1247316,0.479616246023059
"623",8,16,"neutral",1119212,0.430755161582448
"624",8,16,"positive",234664,0.0896285923944929
"625",8,17,"negative",1225195,0.44589355908285
"626",8,17,"neutral",1283598,0.465198032845987
"627",8,17,"positive",251370,0.088908408071162
"628",8,18,"negative",1340607,0.454293239559372
"629",8,18,"neutral",1295826,0.440124842963844
"630",8,18,"positive",311691,0.105581917476784
"631",8,19,"negative",1278795,0.445018605810576
"632",8,19,"neutral",1256350,0.439944802159855
"633",8,19,"positive",327667,0.115036592029569
"634",8,20,"negative",1356324,0.461820298589577
"635",8,20,"neutral",1294276,0.442085173455804
"636",8,20,"positive",282167,0.0960945279546185
"637",8,21,"negative",1460191,0.454922179501401
"638",8,21,"neutral",1460487,0.45808251887454
"639",8,21,"positive",280557,0.0869953016240587
"640",8,22,"negative",1423859,0.472039120394526
"641",8,22,"neutral",1332624,0.440916398988246
"642",8,22,"positive",260225,0.087044480617228
"643",8,23,"negative",1634650,0.483073563597427
"644",8,23,"neutral",1459908,0.433478595531512
"645",8,23,"positive",281826,0.0834478408710617
"646",8,24,"negative",1483546,0.461100709531546
"647",8,24,"neutral",1440385,0.447880189464864
"648",8,24,"positive",292210,0.0910191010035902
"649",8,25,"negative",1497680,0.45383854299058
"650",8,25,"neutral",1481534,0.450365475227503
"651",8,25,"positive",315643,0.0957959817819172
"652",8,26,"negative",1525185,0.465124479793959
"653",8,26,"neutral",1518376,0.462807752193004
"654",8,26,"positive",236324,0.072067768013037
"655",8,27,"negative",1520186,0.472845818806634
"656",8,27,"neutral",1443471,0.449947217544391
"657",8,27,"positive",247058,0.0772069636489751
"658",8,28,"negative",1599860,0.482183885780785
"659",8,28,"neutral",1443447,0.437134141435212
"660",8,28,"positive",265473,0.0806819727840035
"661",8,29,"negative",1266156,0.475577925865516
"662",8,29,"neutral",1131199,0.426626088176596
"663",8,29,"positive",260191,0.0977959859578878
"664",8,30,"negative",1370695,0.479088621213679
"665",8,30,"neutral",1206342,0.420849215454465
"666",8,30,"positive",282363,0.100062163331856
"667",8,31,"negative",1501691,0.491950609454585
"668",8,31,"neutral",1295163,0.427302489260484
"669",8,31,"positive",243374,0.0807469012849306
"670",9,1,"negative",1504731,0.494508886622426
"671",9,1,"neutral",1223184,0.406643123522914
"672",9,1,"positive",297808,0.0988479898546601
"673",9,2,"negative",1483224,0.480253371823407
"674",9,2,"neutral",1302241,0.42887469001688
"675",9,2,"positive",280002,0.0908719381597125
"676",9,3,"negative",1544659,0.485864751692327
"677",9,3,"neutral",1312686,0.413501752366722
"678",9,3,"positive",316243,0.100633495940952
"679",9,4,"negative",1279959,0.45794615684088
"680",9,4,"neutral",1229972,0.44098083044202
"681",9,4,"positive",281473,0.1010730127171
"682",9,5,"negative",1123496,0.457158032502599
"683",9,5,"neutral",1066470,0.434129734678739
"684",9,5,"positive",265576,0.108712232818662
"685",9,6,"negative",1029485,0.432764863664287
"686",9,6,"neutral",1092215,0.459703887950467
"687",9,6,"positive",254259,0.107531248385247
"688",9,7,"negative",1258941,0.46301511972564
"689",9,7,"neutral",1175954,0.435670072259756
"690",9,7,"positive",275278,0.101314808014603
"691",9,8,"negative",1353445,0.472900560781459
"692",9,8,"neutral",1239137,0.433455256922237
"693",9,8,"positive",265235,0.0936441822963043
"694",9,9,"negative",1855480,0.508375383546021
"695",9,9,"neutral",1456469,0.415982662001759
"696",9,9,"positive",257531,0.0756419544522202
"697",9,10,"negative",2119398,0.535165365958254
"698",9,10,"neutral",1556042,0.397170719005417
"699",9,10,"positive",260183,0.067663915036329
"700",9,11,"negative",1574281,0.491047965628864
"701",9,11,"neutral",1361530,0.430900063069412
"702",9,11,"positive",245421,0.0780519713017247
"703",9,12,"negative",1292392,0.463315217493443
"704",9,12,"neutral",1246667,0.4495924162762
"705",9,12,"positive",241630,0.0870923662303572
"706",9,13,"negative",1371491,0.488315709147451
"707",9,13,"neutral",1195225,0.431447473004936
"708",9,13,"positive",221926,0.0802368178476126
"709",9,14,"negative",1321835,0.459696217209358
"710",9,14,"neutral",1274621,0.443349396052004
"711",9,14,"positive",276304,0.096954386738638
"712",9,15,"negative",1378877,0.444644529416865
"713",9,15,"neutral",1437362,0.464574657027875
"714",9,15,"positive",280624,0.0907808135552595
"715",9,16,"negative",1345881,0.423325634458496
"716",9,16,"neutral",1525722,0.482528648368111
"717",9,16,"positive",294319,0.0941457171733932
"718",9,17,"negative",1655002,0.465337660314766
"719",9,17,"neutral",1595349,0.446948768092596
"720",9,17,"positive",307362,0.0877135715926386
"721",9,18,"negative",1542950,0.455116144095038
"722",9,18,"neutral",1531965,0.456950963976978
"723",9,18,"positive",293168,0.0879328919279842
"724",9,19,"negative",1033069,0.466848407948985
"725",9,19,"neutral",937326,0.429725497294152
"726",9,19,"positive",222308,0.103426094756864
"727",9,20,"negative",1169409,0.475503484371947
"728",9,20,"neutral",1061546,0.429415425975832
"729",9,20,"positive",235889,0.0950810896522212
"730",9,21,"negative",1337799,0.443835293980431
"731",9,21,"neutral",1362603,0.454786397543986
"732",9,21,"positive",297454,0.101378308475583
"733",9,22,"negative",1611829,0.45638525001387
"734",9,22,"neutral",1528639,0.436294525708016
"735",9,22,"positive",366276,0.107320224278114
"736",9,23,"negative",1211832,0.447544895616013
"737",9,23,"neutral",1207302,0.456924082426142
"738",9,23,"positive",264243,0.0955310219578445
"739",9,24,"negative",1318024,0.440373350951716
"740",9,24,"neutral",1380925,0.45335561143925
"741",9,24,"positive",321665,0.106271037609035
"742",9,25,"negative",1229597,0.438111884500695
"743",9,25,"neutral",1259274,0.452065227241559
"744",9,25,"positive",306740,0.109822888257745
"745",9,26,"negative",1259329,0.476543896154459
"746",9,26,"neutral",1118176,0.424310137615551
"747",9,26,"positive",256551,0.0991459662299904
"748",9,27,"negative",1019450,0.457351055133872
"749",9,27,"neutral",952946,0.429646022317147
"750",9,27,"positive",252007,0.113002922548981
"751",9,28,"negative",1066279,0.446557897859623
"752",9,28,"neutral",1075887,0.447884307487507
"753",9,28,"positive",250120,0.10555779465287
"754",9,29,"negative",1212118,0.449389352039051
"755",9,29,"neutral",1212407,0.450657305440725
"756",9,29,"positive",271838,0.0999533425202241
"757",9,30,"negative",1304320,0.473940231949005
"758",9,30,"neutral",1112125,0.414243393993489
"759",9,30,"positive",293636,0.111816374057507
"760",10,1,"negative",1117346,0.434134317773507
"761",10,1,"neutral",1202792,0.466523978213083
"762",10,1,"positive",251725,0.0993417040134091
"763",10,2,"negative",2103109,0.400218568720614
"764",10,2,"neutral",2401226,0.464109733265763
"765",10,2,"positive",706498,0.135671698013623
"766",10,3,"negative",2255047,0.436612039383956
"767",10,3,"neutral",2416012,0.466856020444968
"768",10,3,"positive",493336,0.0965319401710756
"769",10,4,"negative",2158375,0.481496225363827
"770",10,4,"neutral",1934935,0.433440724443375
"771",10,4,"positive",375907,0.0850630501927987
"772",10,5,"negative",2479206,0.52036636456619
"773",10,5,"neutral",1833122,0.392599031067296
"774",10,5,"positive",419441,0.0870346043665138
"775",10,6,"negative",2519460,0.516381596677295
"776",10,6,"neutral",1989190,0.408621564343123
"777",10,6,"positive",359234,0.0749968389795819
"778",10,7,"negative",1949993,0.467803079446897
"779",10,7,"neutral",1862491,0.447924524598432
"780",10,7,"positive",352425,0.0842723959546707
"781",10,8,"negative",1782632,0.445521565569618
"782",10,8,"neutral",1823066,0.462162586286578
"783",10,8,"positive",360214,0.0923158481438044
"784",10,9,"negative",1615164,0.441896599210588
"785",10,9,"neutral",1714645,0.469861775831385
"786",10,9,"positive",314118,0.0882416249580274
"787",10,10,"negative",1743190,0.481194637180454
"788",10,10,"neutral",1572376,0.434051256725838
"789",10,10,"positive",301565,0.0847541060937077
"790",10,11,"negative",1637739,0.493352941992228
"791",10,11,"neutral",1426469,0.428723467747729
"792",10,11,"positive",254073,0.0779235902600429
"793",10,12,"negative",1505272,0.459617279216656
"794",10,12,"neutral",1498011,0.458145598889814
"795",10,12,"positive",269045,0.0822371218935296
"796",10,13,"negative",1614586,0.461439177145333
"797",10,13,"neutral",1568023,0.449306910039984
"798",10,13,"positive",313624,0.0892539128146839
"799",10,14,"negative",1413536,0.464197839565469
"800",10,14,"neutral",1357036,0.444743483634554
"801",10,14,"positive",280485,0.0910586767999769
"802",10,15,"negative",1354447,0.450002624551285
"803",10,15,"neutral",1347202,0.455505016032231
"804",10,15,"positive",279188,0.0944923594164841
"805",10,16,"negative",1443967,0.478322777649268
"806",10,16,"neutral",1324989,0.437049234230304
"807",10,16,"positive",254797,0.0846279881204276
"808",10,17,"negative",1259329,0.467710979804084
"809",10,17,"neutral",1175085,0.437772646072097
"810",10,17,"positive",254182,0.0945163741238185
"811",10,18,"negative",1243024,0.442906897059169
"812",10,18,"neutral",1261831,0.453558538881429
"813",10,18,"positive",287729,0.103534564059402
"814",10,19,"negative",1262233,0.415090568692996
"815",10,19,"neutral",1470320,0.487378838213299
"816",10,19,"positive",298854,0.0975305930937049
"817",10,20,"negative",1460763,0.456466690562438
"818",10,20,"neutral",1422675,0.450460605069199
"819",10,20,"positive",289737,0.0930727043683628
"820",10,21,"negative",1388409,0.484176323575584
"821",10,21,"neutral",1223257,0.42222140347526
"822",10,21,"positive",270747,0.0936022729491557
"823",10,22,"negative",1410824,0.481981845614226
"824",10,22,"neutral",1212706,0.419456318575962
"825",10,22,"positive",281305,0.0985618358098123
"826",10,23,"negative",1395265,0.471918523748334
"827",10,23,"neutral",1274740,0.431079988599891
"828",10,23,"positive",278829,0.0970014876517747
"829",10,24,"negative",1267760,0.464235777626445
"830",10,24,"neutral",1204116,0.445539827626644
"831",10,24,"positive",241654,0.0902243947469114
"832",10,25,"negative",1412082,0.464118616080111
"833",10,25,"neutral",1344345,0.444302264999887
"834",10,25,"positive",273721,0.091579118920002
"835",10,26,"negative",1363267,0.475371475772068
"836",10,26,"neutral",1236784,0.437715047157698
"837",10,26,"positive",243886,0.0869134770702339
"838",10,27,"negative",1396300,0.493100834311442
"839",10,27,"neutral",1166802,0.418752291027
"840",10,27,"positive",246758,0.0881468746615581
"841",10,28,"negative",1330829,0.477990308127616
"842",10,28,"neutral",1182224,0.42613909735862
"843",10,28,"positive",262610,0.0958705945137635
"844",10,29,"negative",1264523,0.44947273176144
"845",10,29,"neutral",1231706,0.438810192486339
"846",10,29,"positive",313190,0.11171707575222
"847",10,30,"negative",1464624,0.480469860166696
"848",10,30,"neutral",1282515,0.420732952735209
"849",10,30,"positive",302255,0.0987971870980949
"850",11,1,"negative",1399298,0.478384449721931
"851",11,1,"neutral",1195397,0.410328133007377
"852",11,1,"positive",325635,0.111287417270691
"853",11,2,"negative",1375364,0.460341693612486
"854",11,2,"neutral",1272684,0.42850680903469
"855",11,2,"positive",328177,0.111151497352824
"856",11,3,"negative",1176722,0.449531800117109
"857",11,3,"neutral",1148497,0.441324787374867
"858",11,3,"positive",284523,0.109143412508024
"859",11,4,"negative",1022170,0.469302264404018
"860",11,4,"neutral",930112,0.420116449754624
"861",11,4,"positive",243269,0.110581285841357
"862",11,5,"negative",1154705,0.450970178365864
"863",11,5,"neutral",1120230,0.439158363447362
"864",11,5,"positive",277446,0.109871458186774
"865",11,6,"negative",1060733,0.442924291181896
"866",11,6,"neutral",1042079,0.437674413012416
"867",11,6,"positive",287669,0.119401295805688
"868",11,7,"negative",1163463,0.428237062795145
"869",11,7,"neutral",1182220,0.441519660809882
"870",11,7,"positive",358725,0.130243276394973
"871",11,8,"negative",1040938,0.455374950764301
"872",11,8,"neutral",964612,0.422563555576627
"873",11,8,"positive",278080,0.122061493659072
"874",11,9,"negative",1076068,0.377213437195641
"875",11,9,"neutral",1465172,0.49072635813707
"876",11,9,"positive",420194,0.132060204667289
"877",11,10,"negative",1094515,0.403829803849519
"878",11,10,"neutral",1280949,0.472653435983478
"879",11,10,"positive",330739,0.123516760167003
"880",11,11,"negative",1107382,0.423285833318187
"881",11,11,"neutral",1207889,0.467310372447705
"882",11,11,"positive",283568,0.109403794234108
"883",11,12,"negative",1323929,0.434187122360383
"884",11,12,"neutral",1402327,0.460202820912579
"885",11,12,"positive",317652,0.105610056727038
"886",11,13,"negative",1718451,0.474588660604577
"887",11,13,"neutral",1523452,0.421090137777867
"888",11,13,"positive",373043,0.104321201617555
"889",11,14,"negative",1268537,0.428556457004557
"890",11,14,"neutral",1335055,0.453647923554017
"891",11,14,"positive",346219,0.117795619441427
"892",11,15,"negative",1366951,0.469635101177643
"893",11,15,"neutral",1201445,0.414663563736155
"894",11,15,"positive",327730,0.115701335086202
"895",11,16,"negative",1375219,0.441764076374058
"896",11,16,"neutral",1378725,0.445205399088252
"897",11,16,"positive",348135,0.11303052453769
"898",11,17,"negative",1370758,0.444280674524191
"899",11,17,"neutral",1356488,0.440614082140528
"900",11,17,"positive",354509,0.115105243335281
"901",11,18,"negative",1428338,0.455193554401008
"902",11,18,"neutral",1327388,0.428509834501089
"903",11,18,"positive",359334,0.116296611097902
"904",11,19,"negative",1582079,0.46162159296529
"905",11,19,"neutral",1457934,0.4295279805255
"906",11,19,"positive",372844,0.10885042650921
"907",11,20,"negative",1418375,0.418483911758395
"908",11,20,"neutral",1526296,0.453373957772208
"909",11,20,"positive",422461,0.128142130469397
"910",11,21,"negative",1378566,0.418081724168916
"911",11,21,"neutral",1500497,0.458395825713595
"912",11,21,"positive",394443,0.123522450117489
"913",11,22,"negative",1421105,0.456816229116954
"914",11,22,"neutral",1342017,0.436014690528177
"915",11,22,"positive",327208,0.107169080354869
"916",11,23,"negative",1404554,0.444136413545833
"917",11,23,"neutral",1426835,0.450311464744306
"918",11,23,"positive",328782,0.105552121709861
"919",11,24,"negative",1294901,0.436209849109806
"920",11,24,"neutral",1336579,0.455359220769287
"921",11,24,"positive",320913,0.108430930120907
"922",11,25,"negative",1364650,0.45975411740498
"923",11,25,"neutral",1253694,0.42713453820539
"924",11,25,"positive",337188,0.11311134438963
"925",11,26,"negative",1272629,0.435541964885514
"926",11,26,"neutral",1206318,0.415435341949291
"927",11,26,"positive",440748,0.149022693165195
"928",11,27,"negative",1086460,0.44752269544465
"929",11,27,"neutral",1003813,0.414069625015092
"930",11,27,"positive",332788,0.138407679540258
"931",11,28,"negative",1044852,0.443599729834581
"932",11,28,"neutral",1022171,0.444672795840719
"933",11,28,"positive",254089,0.1117274743247
"934",11,29,"negative",1175785,0.468230986219958
"935",11,29,"neutral",1051417,0.425177857379597
"936",11,29,"positive",263750,0.106591156400445
"937",11,30,"negative",1281237,0.463641805022108
"938",11,30,"neutral",1146285,0.419556585513687
"939",11,30,"positive",316958,0.116801609464205
"940",12,1,"negative",2641448,0.462139885393467
"941",12,1,"neutral",2439274,0.427240102298728
"942",12,1,"positive",628548,0.110620012307805
"943",12,2,"negative",2117250,0.423608086807661
"944",12,2,"neutral",2176281,0.441594079677965
"945",12,2,"positive",645669,0.134797833514373
"946",12,3,"negative",702166,0.44042497666241
"947",12,3,"neutral",706939,0.443014658451414
"948",12,3,"positive",187958,0.116560364886176
"949",12,4,"negative",2685640,0.455010185525401
"950",12,4,"neutral",2555278,0.439870653290324
"951",12,4,"positive",605406,0.105119161184275
"952",12,5,"negative",1283528,0.476245998285774
"953",12,5,"neutral",1122968,0.422065369640733
"954",12,5,"positive",268540,0.101688632073493
"955",12,6,"negative",1267767,0.470804257212271
"956",12,6,"neutral",1126240,0.413164593532438
"957",12,6,"positive",321123,0.116031149255291
"958",12,7,"negative",1335657,0.408684988112412
"959",12,7,"neutral",1504297,0.470102572512883
"960",12,7,"positive",388261,0.121212439374705
"961",12,8,"negative",1441748,0.432126899425268
"962",12,8,"neutral",1483761,0.451965796716582
"963",12,8,"positive",376740,0.11590730385815
"964",12,9,"negative",1435469,0.46127013184212
"965",12,9,"neutral",1344940,0.434820466640224
"966",12,9,"positive",318954,0.103909401517656
"967",12,10,"negative",1350613,0.466188536870207
"968",12,10,"neutral",1237700,0.430422064422678
"969",12,10,"positive",296546,0.103389398707115
"970",12,11,"negative",1130048,0.44255402175179
"971",12,11,"neutral",1121802,0.445891018367174
"972",12,11,"positive",282484,0.111554959881036
